{"products":[{"id":"0.03852548117215604","quantity":1}],"totalPrice":20.009999999999998}